"page","tool","rule","severity","count","description","help"
"https://books.toscrape.com/","axe","color-contrast","serious","135","Elements must meet minimum color contrast ratio thresholds","https://dequeuniversity.com/rules/axe/4.13/color-contrast?application=playwright"
"https://books.toscrape.com/","axe","heading-order","moderate","1","Heading levels should only increase by one","https://dequeuniversity.com/rules/axe/4.13/heading-order?application=playwright"
"https://books.toscrape.com/","axe","landmark-one-main","moderate","1","Document should have one main landmark","https://dequeuniversity.com/rules/axe/4.13/landmark-one-main?application=playwright"
"https://books.toscrape.com/","axe","region","moderate","84","All page content should be contained by landmarks","https://dequeuniversity.com/rules/axe/4.13/region?application=playwright"
"https://books.toscrape.com/","axe","target-size","serious","47","All touch targets must be 24px large, or leave sufficient space","https://dequeuniversity.com/rules/axe/4.13/target-size?application=playwright"
"https://books.toscrape.com/","structure","meta-description-missing","warning","1","Missing meta description",""
"https://books.toscrape.com/","structure","heading-skip","warning","1","Heading levels skipped: h1 → h3 (""A Light in the ..."")",""
"https://books.toscrape.com/","structure","canonical-missing","notice","1","No canonical link",""
"https://books.toscrape.com/","structure","open-graph-incomplete","notice","1","og:title / og:image missing",""
"https://books.toscrape.com/","structure","landmark-main-missing","warning","1","No <main> landmark",""
"https://books.toscrape.com/","structure","skip-link-missing","notice","1","No ""skip to content"" link",""
"https://books.toscrape.com/","structure","img-no-dimensions","notice","1","20 images without width/height (CLS risk)",""
"https://books.toscrape.com/","structure","structured-data-missing","notice","1","No JSON-LD structured data",""
"https://books.toscrape.com/","html-validate","require-sri","warning","1","L30: SRI ""integrity"" attribute is required on <link> element","https://html-validate.org/rules/require-sri.html"
"https://books.toscrape.com/","html-validate","require-sri","warning","1","L32: SRI ""integrity"" attribute is required on <link> element","https://html-validate.org/rules/require-sri.html"
"https://books.toscrape.com/","html-validate","require-sri","warning","1","L33: SRI ""integrity"" attribute is required on <link> element","https://html-validate.org/rules/require-sri.html"
"https://books.toscrape.com/","html-validate","wcag/h32","error","1","L630: <form> element must have a submit button","https://html-validate.org/rules/wcag/h32.html"
"https://books.toscrape.com/","html-validate","heading-level","error","1","L684: Heading level can only increase by one, expected <h2> but got <h3>","https://html-validate.org/rules/heading-level.html"
"https://books.toscrape.com/","html-validate","require-sri","warning","1","L2197: SRI ""integrity"" attribute is required on <script> element","https://html-validate.org/rules/require-sri.html"
"https://books.toscrape.com/","html-validate","require-sri","warning","1","L2208: SRI ""integrity"" attribute is required on <script> element","https://html-validate.org/rules/require-sri.html"
"https://books.toscrape.com/","html-validate","require-sri","warning","1","L2210: SRI ""integrity"" attribute is required on <script> element","https://html-validate.org/rules/require-sri.html"
"https://books.toscrape.com/","html-validate","require-sri","warning","1","L2212: SRI ""integrity"" attribute is required on <script> element","https://html-validate.org/rules/require-sri.html"
"https://books.toscrape.com/","html-validate","require-sri","warning","1","L2213: SRI ""integrity"" attribute is required on <script> element","https://html-validate.org/rules/require-sri.html"
"https://books.toscrape.com/index.html","axe","color-contrast","serious","135","Elements must meet minimum color contrast ratio thresholds","https://dequeuniversity.com/rules/axe/4.13/color-contrast?application=playwright"
"https://books.toscrape.com/index.html","axe","heading-order","moderate","1","Heading levels should only increase by one","https://dequeuniversity.com/rules/axe/4.13/heading-order?application=playwright"
"https://books.toscrape.com/index.html","axe","landmark-one-main","moderate","1","Document should have one main landmark","https://dequeuniversity.com/rules/axe/4.13/landmark-one-main?application=playwright"
"https://books.toscrape.com/index.html","axe","region","moderate","84","All page content should be contained by landmarks","https://dequeuniversity.com/rules/axe/4.13/region?application=playwright"
"https://books.toscrape.com/index.html","axe","target-size","serious","47","All touch targets must be 24px large, or leave sufficient space","https://dequeuniversity.com/rules/axe/4.13/target-size?application=playwright"
"https://books.toscrape.com/index.html","structure","meta-description-missing","warning","1","Missing meta description",""
"https://books.toscrape.com/index.html","structure","heading-skip","warning","1","Heading levels skipped: h1 → h3 (""A Light in the ..."")",""
"https://books.toscrape.com/index.html","structure","canonical-missing","notice","1","No canonical link",""
"https://books.toscrape.com/index.html","structure","open-graph-incomplete","notice","1","og:title / og:image missing",""
"https://books.toscrape.com/index.html","structure","landmark-main-missing","warning","1","No <main> landmark",""
"https://books.toscrape.com/index.html","structure","skip-link-missing","notice","1","No ""skip to content"" link",""
"https://books.toscrape.com/index.html","structure","img-no-dimensions","notice","1","20 images without width/height (CLS risk)",""
"https://books.toscrape.com/index.html","structure","structured-data-missing","notice","1","No JSON-LD structured data",""
"https://books.toscrape.com/index.html","html-validate","require-sri","warning","1","L30: SRI ""integrity"" attribute is required on <link> element","https://html-validate.org/rules/require-sri.html"
"https://books.toscrape.com/index.html","html-validate","require-sri","warning","1","L32: SRI ""integrity"" attribute is required on <link> element","https://html-validate.org/rules/require-sri.html"
"https://books.toscrape.com/index.html","html-validate","require-sri","warning","1","L33: SRI ""integrity"" attribute is required on <link> element","https://html-validate.org/rules/require-sri.html"
"https://books.toscrape.com/index.html","html-validate","wcag/h32","error","1","L630: <form> element must have a submit button","https://html-validate.org/rules/wcag/h32.html"
"https://books.toscrape.com/index.html","html-validate","heading-level","error","1","L684: Heading level can only increase by one, expected <h2> but got <h3>","https://html-validate.org/rules/heading-level.html"
"https://books.toscrape.com/index.html","html-validate","require-sri","warning","1","L2197: SRI ""integrity"" attribute is required on <script> element","https://html-validate.org/rules/require-sri.html"
"https://books.toscrape.com/index.html","html-validate","require-sri","warning","1","L2208: SRI ""integrity"" attribute is required on <script> element","https://html-validate.org/rules/require-sri.html"
"https://books.toscrape.com/index.html","html-validate","require-sri","warning","1","L2210: SRI ""integrity"" attribute is required on <script> element","https://html-validate.org/rules/require-sri.html"
"https://books.toscrape.com/index.html","html-validate","require-sri","warning","1","L2212: SRI ""integrity"" attribute is required on <script> element","https://html-validate.org/rules/require-sri.html"
"https://books.toscrape.com/index.html","html-validate","require-sri","warning","1","L2213: SRI ""integrity"" attribute is required on <script> element","https://html-validate.org/rules/require-sri.html"
"https://books.toscrape.com/catalogue/category/books_1/index.html","axe","color-contrast","serious","135","Elements must meet minimum color contrast ratio thresholds","https://dequeuniversity.com/rules/axe/4.13/color-contrast?application=playwright"
"https://books.toscrape.com/catalogue/category/books_1/index.html","axe","heading-order","moderate","1","Heading levels should only increase by one","https://dequeuniversity.com/rules/axe/4.13/heading-order?application=playwright"
"https://books.toscrape.com/catalogue/category/books_1/index.html","axe","landmark-one-main","moderate","1","Document should have one main landmark","https://dequeuniversity.com/rules/axe/4.13/landmark-one-main?application=playwright"
"https://books.toscrape.com/catalogue/category/books_1/index.html","axe","region","moderate","84","All page content should be contained by landmarks","https://dequeuniversity.com/rules/axe/4.13/region?application=playwright"
"https://books.toscrape.com/catalogue/category/books_1/index.html","axe","target-size","serious","47","All touch targets must be 24px large, or leave sufficient space","https://dequeuniversity.com/rules/axe/4.13/target-size?application=playwright"
"https://books.toscrape.com/catalogue/category/books_1/index.html","structure","meta-description-length","notice","1","Meta description length 6 (aim 50–160)",""
"https://books.toscrape.com/catalogue/category/books_1/index.html","structure","heading-skip","warning","1","Heading levels skipped: h1 → h3 (""A Light in the ..."")",""
"https://books.toscrape.com/catalogue/category/books_1/index.html","structure","canonical-missing","notice","1","No canonical link",""
"https://books.toscrape.com/catalogue/category/books_1/index.html","structure","open-graph-incomplete","notice","1","og:title / og:image missing",""
"https://books.toscrape.com/catalogue/category/books_1/index.html","structure","landmark-main-missing","warning","1","No <main> landmark",""
"https://books.toscrape.com/catalogue/category/books_1/index.html","structure","skip-link-missing","notice","1","No ""skip to content"" link",""
"https://books.toscrape.com/catalogue/category/books_1/index.html","structure","img-no-dimensions","notice","1","20 images without width/height (CLS risk)",""
"https://books.toscrape.com/catalogue/category/books_1/index.html","structure","structured-data-missing","notice","1","No JSON-LD structured data",""
"https://books.toscrape.com/catalogue/category/books_1/index.html","html-validate","require-sri","warning","1","L36: SRI ""integrity"" attribute is required on <link> element","https://html-validate.org/rules/require-sri.html"
"https://books.toscrape.com/catalogue/category/books_1/index.html","html-validate","require-sri","warning","1","L38: SRI ""integrity"" attribute is required on <link> element","https://html-validate.org/rules/require-sri.html"
"https://books.toscrape.com/catalogue/category/books_1/index.html","html-validate","require-sri","warning","1","L39: SRI ""integrity"" attribute is required on <link> element","https://html-validate.org/rules/require-sri.html"
"https://books.toscrape.com/catalogue/category/books_1/index.html","html-validate","wcag/h32","error","1","L639: <form> element must have a submit button","https://html-validate.org/rules/wcag/h32.html"
"https://books.toscrape.com/catalogue/category/books_1/index.html","html-validate","heading-level","error","1","L693: Heading level can only increase by one, expected <h2> but got <h3>","https://html-validate.org/rules/heading-level.html"
"https://books.toscrape.com/catalogue/category/books_1/index.html","html-validate","require-sri","warning","1","L2207: SRI ""integrity"" attribute is required on <script> element","https://html-validate.org/rules/require-sri.html"
"https://books.toscrape.com/catalogue/category/books_1/index.html","html-validate","require-sri","warning","1","L2218: SRI ""integrity"" attribute is required on <script> element","https://html-validate.org/rules/require-sri.html"
"https://books.toscrape.com/catalogue/category/books_1/index.html","html-validate","require-sri","warning","1","L2220: SRI ""integrity"" attribute is required on <script> element","https://html-validate.org/rules/require-sri.html"
"https://books.toscrape.com/catalogue/category/books_1/index.html","html-validate","require-sri","warning","1","L2222: SRI ""integrity"" attribute is required on <script> element","https://html-validate.org/rules/require-sri.html"
"https://books.toscrape.com/catalogue/category/books_1/index.html","html-validate","require-sri","warning","1","L2223: SRI ""integrity"" attribute is required on <script> element","https://html-validate.org/rules/require-sri.html"
"https://books.toscrape.com/catalogue/category/books/mystery_3/index.html","axe","color-contrast","serious","136","Elements must meet minimum color contrast ratio thresholds","https://dequeuniversity.com/rules/axe/4.13/color-contrast?application=playwright"
"https://books.toscrape.com/catalogue/category/books/mystery_3/index.html","axe","heading-order","moderate","1","Heading levels should only increase by one","https://dequeuniversity.com/rules/axe/4.13/heading-order?application=playwright"
"https://books.toscrape.com/catalogue/category/books/mystery_3/index.html","axe","landmark-one-main","moderate","1","Document should have one main landmark","https://dequeuniversity.com/rules/axe/4.13/landmark-one-main?application=playwright"
"https://books.toscrape.com/catalogue/category/books/mystery_3/index.html","axe","region","moderate","84","All page content should be contained by landmarks","https://dequeuniversity.com/rules/axe/4.13/region?application=playwright"
"https://books.toscrape.com/catalogue/category/books/mystery_3/index.html","axe","target-size","serious","47","All touch targets must be 24px large, or leave sufficient space","https://dequeuniversity.com/rules/axe/4.13/target-size?application=playwright"
"https://books.toscrape.com/catalogue/category/books/mystery_3/index.html","structure","meta-description-length","notice","1","Meta description length 6 (aim 50–160)",""
"https://books.toscrape.com/catalogue/category/books/mystery_3/index.html","structure","heading-skip","warning","1","Heading levels skipped: h1 → h3 (""Sharp Objects"")",""
"https://books.toscrape.com/catalogue/category/books/mystery_3/index.html","structure","canonical-missing","notice","1","No canonical link",""
"https://books.toscrape.com/catalogue/category/books/mystery_3/index.html","structure","open-graph-incomplete","notice","1","og:title / og:image missing",""
"https://books.toscrape.com/catalogue/category/books/mystery_3/index.html","structure","landmark-main-missing","warning","1","No <main> landmark",""
"https://books.toscrape.com/catalogue/category/books/mystery_3/index.html","structure","skip-link-missing","notice","1","No ""skip to content"" link",""
"https://books.toscrape.com/catalogue/category/books/mystery_3/index.html","structure","img-no-dimensions","notice","1","20 images without width/height (CLS risk)",""
"https://books.toscrape.com/catalogue/category/books/mystery_3/index.html","structure","structured-data-missing","notice","1","No JSON-LD structured data",""
"https://books.toscrape.com/catalogue/category/books/mystery_3/index.html","html-validate","require-sri","warning","1","L36: SRI ""integrity"" attribute is required on <link> element","https://html-validate.org/rules/require-sri.html"
"https://books.toscrape.com/catalogue/category/books/mystery_3/index.html","html-validate","require-sri","warning","1","L38: SRI ""integrity"" attribute is required on <link> element","https://html-validate.org/rules/require-sri.html"
"https://books.toscrape.com/catalogue/category/books/mystery_3/index.html","html-validate","require-sri","warning","1","L39: SRI ""integrity"" attribute is required on <link> element","https://html-validate.org/rules/require-sri.html"
"https://books.toscrape.com/catalogue/category/books/mystery_3/index.html","html-validate","wcag/h32","error","1","L643: <form> element must have a submit button","https://html-validate.org/rules/wcag/h32.html"
"https://books.toscrape.com/catalogue/category/books/mystery_3/index.html","html-validate","heading-level","error","1","L697: Heading level can only increase by one, expected <h2> but got <h3>","https://html-validate.org/rules/heading-level.html"
"https://books.toscrape.com/catalogue/category/books/mystery_3/index.html","html-validate","require-sri","warning","1","L2211: SRI ""integrity"" attribute is required on <script> element","https://html-validate.org/rules/require-sri.html"
"https://books.toscrape.com/catalogue/category/books/mystery_3/index.html","html-validate","require-sri","warning","1","L2222: SRI ""integrity"" attribute is required on <script> element","https://html-validate.org/rules/require-sri.html"
"https://books.toscrape.com/catalogue/category/books/mystery_3/index.html","html-validate","require-sri","warning","1","L2224: SRI ""integrity"" attribute is required on <script> element","https://html-validate.org/rules/require-sri.html"
"https://books.toscrape.com/catalogue/category/books/mystery_3/index.html","html-validate","require-sri","warning","1","L2226: SRI ""integrity"" attribute is required on <script> element","https://html-validate.org/rules/require-sri.html"
"https://books.toscrape.com/catalogue/category/books/mystery_3/index.html","html-validate","require-sri","warning","1","L2227: SRI ""integrity"" attribute is required on <script> element","https://html-validate.org/rules/require-sri.html"
"https://books.toscrape.com/catalogue/category/books/travel_2/index.html","axe","color-contrast","serious","99","Elements must meet minimum color contrast ratio thresholds","https://dequeuniversity.com/rules/axe/4.13/color-contrast?application=playwright"
"https://books.toscrape.com/catalogue/category/books/travel_2/index.html","axe","heading-order","moderate","1","Heading levels should only increase by one","https://dequeuniversity.com/rules/axe/4.13/heading-order?application=playwright"
"https://books.toscrape.com/catalogue/category/books/travel_2/index.html","axe","landmark-one-main","moderate","1","Document should have one main landmark","https://dequeuniversity.com/rules/axe/4.13/landmark-one-main?application=playwright"
"https://books.toscrape.com/catalogue/category/books/travel_2/index.html","axe","region","moderate","47","All page content should be contained by landmarks","https://dequeuniversity.com/rules/axe/4.13/region?application=playwright"
"https://books.toscrape.com/catalogue/category/books/travel_2/index.html","axe","target-size","serious","47","All touch targets must be 24px large, or leave sufficient space","https://dequeuniversity.com/rules/axe/4.13/target-size?application=playwright"
"https://books.toscrape.com/catalogue/category/books/travel_2/index.html","structure","meta-description-length","notice","1","Meta description length 6 (aim 50–160)",""
"https://books.toscrape.com/catalogue/category/books/travel_2/index.html","structure","heading-skip","warning","1","Heading levels skipped: h1 → h3 (""It's Only the Himalayas"")",""
"https://books.toscrape.com/catalogue/category/books/travel_2/index.html","structure","canonical-missing","notice","1","No canonical link",""
"https://books.toscrape.com/catalogue/category/books/travel_2/index.html","structure","open-graph-incomplete","notice","1","og:title / og:image missing",""
"https://books.toscrape.com/catalogue/category/books/travel_2/index.html","structure","landmark-main-missing","warning","1","No <main> landmark",""
"https://books.toscrape.com/catalogue/category/books/travel_2/index.html","structure","skip-link-missing","notice","1","No ""skip to content"" link",""
"https://books.toscrape.com/catalogue/category/books/travel_2/index.html","structure","img-no-dimensions","notice","1","11 images without width/height (CLS risk)",""
"https://books.toscrape.com/catalogue/category/books/travel_2/index.html","structure","structured-data-missing","notice","1","No JSON-LD structured data",""
"https://books.toscrape.com/catalogue/category/books/travel_2/index.html","html-validate","require-sri","warning","1","L36: SRI ""integrity"" attribute is required on <link> element","https://html-validate.org/rules/require-sri.html"
"https://books.toscrape.com/catalogue/category/books/travel_2/index.html","html-validate","require-sri","warning","1","L38: SRI ""integrity"" attribute is required on <link> element","https://html-validate.org/rules/require-sri.html"
"https://books.toscrape.com/catalogue/category/books/travel_2/index.html","html-validate","require-sri","warning","1","L39: SRI ""integrity"" attribute is required on <link> element","https://html-validate.org/rules/require-sri.html"
"https://books.toscrape.com/catalogue/category/books/travel_2/index.html","html-validate","wcag/h32","error","1","L643: <form> element must have a submit button","https://html-validate.org/rules/wcag/h32.html"
"https://books.toscrape.com/catalogue/category/books/travel_2/index.html","html-validate","heading-level","error","1","L697: Heading level can only increase by one, expected <h2> but got <h3>","https://html-validate.org/rules/heading-level.html"
"https://books.toscrape.com/catalogue/category/books/travel_2/index.html","html-validate","require-sri","warning","1","L1522: SRI ""integrity"" attribute is required on <script> element","https://html-validate.org/rules/require-sri.html"
"https://books.toscrape.com/catalogue/category/books/travel_2/index.html","html-validate","require-sri","warning","1","L1533: SRI ""integrity"" attribute is required on <script> element","https://html-validate.org/rules/require-sri.html"
"https://books.toscrape.com/catalogue/category/books/travel_2/index.html","html-validate","require-sri","warning","1","L1535: SRI ""integrity"" attribute is required on <script> element","https://html-validate.org/rules/require-sri.html"
"https://books.toscrape.com/catalogue/category/books/travel_2/index.html","html-validate","require-sri","warning","1","L1537: SRI ""integrity"" attribute is required on <script> element","https://html-validate.org/rules/require-sri.html"
"https://books.toscrape.com/catalogue/category/books/travel_2/index.html","html-validate","require-sri","warning","1","L1538: SRI ""integrity"" attribute is required on <script> element","https://html-validate.org/rules/require-sri.html"
"https://books.toscrape.com/catalogue/category/books/historical-fiction_4/index.html","axe","color-contrast","serious","136","Elements must meet minimum color contrast ratio thresholds","https://dequeuniversity.com/rules/axe/4.13/color-contrast?application=playwright"
"https://books.toscrape.com/catalogue/category/books/historical-fiction_4/index.html","axe","heading-order","moderate","1","Heading levels should only increase by one","https://dequeuniversity.com/rules/axe/4.13/heading-order?application=playwright"
"https://books.toscrape.com/catalogue/category/books/historical-fiction_4/index.html","axe","landmark-one-main","moderate","1","Document should have one main landmark","https://dequeuniversity.com/rules/axe/4.13/landmark-one-main?application=playwright"
"https://books.toscrape.com/catalogue/category/books/historical-fiction_4/index.html","axe","region","moderate","84","All page content should be contained by landmarks","https://dequeuniversity.com/rules/axe/4.13/region?application=playwright"
"https://books.toscrape.com/catalogue/category/books/historical-fiction_4/index.html","axe","target-size","serious","45","All touch targets must be 24px large, or leave sufficient space","https://dequeuniversity.com/rules/axe/4.13/target-size?application=playwright"
"https://books.toscrape.com/catalogue/category/books/historical-fiction_4/index.html","structure","meta-description-length","notice","1","Meta description length 6 (aim 50–160)",""
"https://books.toscrape.com/catalogue/category/books/historical-fiction_4/index.html","structure","heading-skip","warning","1","Heading levels skipped: h1 → h3 (""Tipping the Velvet"")",""
"https://books.toscrape.com/catalogue/category/books/historical-fiction_4/index.html","structure","canonical-missing","notice","1","No canonical link",""
"https://books.toscrape.com/catalogue/category/books/historical-fiction_4/index.html","structure","open-graph-incomplete","notice","1","og:title / og:image missing",""
"https://books.toscrape.com/catalogue/category/books/historical-fiction_4/index.html","structure","landmark-main-missing","warning","1","No <main> landmark",""
"https://books.toscrape.com/catalogue/category/books/historical-fiction_4/index.html","structure","skip-link-missing","notice","1","No ""skip to content"" link",""
"https://books.toscrape.com/catalogue/category/books/historical-fiction_4/index.html","structure","img-no-dimensions","notice","1","20 images without width/height (CLS risk)",""
"https://books.toscrape.com/catalogue/category/books/historical-fiction_4/index.html","structure","structured-data-missing","notice","1","No JSON-LD structured data",""
"https://books.toscrape.com/catalogue/category/books/historical-fiction_4/index.html","html-validate","require-sri","warning","1","L36: SRI ""integrity"" attribute is required on <link> element","https://html-validate.org/rules/require-sri.html"
"https://books.toscrape.com/catalogue/category/books/historical-fiction_4/index.html","html-validate","require-sri","warning","1","L38: SRI ""integrity"" attribute is required on <link> element","https://html-validate.org/rules/require-sri.html"
"https://books.toscrape.com/catalogue/category/books/historical-fiction_4/index.html","html-validate","require-sri","warning","1","L39: SRI ""integrity"" attribute is required on <link> element","https://html-validate.org/rules/require-sri.html"
"https://books.toscrape.com/catalogue/category/books/historical-fiction_4/index.html","html-validate","wcag/h32","error","1","L643: <form> element must have a submit button","https://html-validate.org/rules/wcag/h32.html"
"https://books.toscrape.com/catalogue/category/books/historical-fiction_4/index.html","html-validate","heading-level","error","1","L697: Heading level can only increase by one, expected <h2> but got <h3>","https://html-validate.org/rules/heading-level.html"
"https://books.toscrape.com/catalogue/category/books/historical-fiction_4/index.html","html-validate","require-sri","warning","1","L2211: SRI ""integrity"" attribute is required on <script> element","https://html-validate.org/rules/require-sri.html"
"https://books.toscrape.com/catalogue/category/books/historical-fiction_4/index.html","html-validate","require-sri","warning","1","L2222: SRI ""integrity"" attribute is required on <script> element","https://html-validate.org/rules/require-sri.html"
"https://books.toscrape.com/catalogue/category/books/historical-fiction_4/index.html","html-validate","require-sri","warning","1","L2224: SRI ""integrity"" attribute is required on <script> element","https://html-validate.org/rules/require-sri.html"
"https://books.toscrape.com/catalogue/category/books/historical-fiction_4/index.html","html-validate","require-sri","warning","1","L2226: SRI ""integrity"" attribute is required on <script> element","https://html-validate.org/rules/require-sri.html"
"https://books.toscrape.com/catalogue/category/books/historical-fiction_4/index.html","html-validate","require-sri","warning","1","L2227: SRI ""integrity"" attribute is required on <script> element","https://html-validate.org/rules/require-sri.html"
"https://books.toscrape.com/catalogue/category/books/sequential-art_5/index.html","axe","color-contrast","serious","136","Elements must meet minimum color contrast ratio thresholds","https://dequeuniversity.com/rules/axe/4.13/color-contrast?application=playwright"
"https://books.toscrape.com/catalogue/category/books/sequential-art_5/index.html","axe","heading-order","moderate","1","Heading levels should only increase by one","https://dequeuniversity.com/rules/axe/4.13/heading-order?application=playwright"
"https://books.toscrape.com/catalogue/category/books/sequential-art_5/index.html","axe","landmark-one-main","moderate","1","Document should have one main landmark","https://dequeuniversity.com/rules/axe/4.13/landmark-one-main?application=playwright"
"https://books.toscrape.com/catalogue/category/books/sequential-art_5/index.html","axe","region","moderate","84","All page content should be contained by landmarks","https://dequeuniversity.com/rules/axe/4.13/region?application=playwright"
"https://books.toscrape.com/catalogue/category/books/sequential-art_5/index.html","axe","target-size","serious","47","All touch targets must be 24px large, or leave sufficient space","https://dequeuniversity.com/rules/axe/4.13/target-size?application=playwright"
"https://books.toscrape.com/catalogue/category/books/sequential-art_5/index.html","structure","meta-description-length","notice","1","Meta description length 6 (aim 50–160)",""
"https://books.toscrape.com/catalogue/category/books/sequential-art_5/index.html","structure","heading-skip","warning","1","Heading levels skipped: h1 → h3 (""Scott Pilgrim's Precious Little ..."")",""
"https://books.toscrape.com/catalogue/category/books/sequential-art_5/index.html","structure","canonical-missing","notice","1","No canonical link",""
"https://books.toscrape.com/catalogue/category/books/sequential-art_5/index.html","structure","open-graph-incomplete","notice","1","og:title / og:image missing",""
"https://books.toscrape.com/catalogue/category/books/sequential-art_5/index.html","structure","landmark-main-missing","warning","1","No <main> landmark",""
"https://books.toscrape.com/catalogue/category/books/sequential-art_5/index.html","structure","skip-link-missing","notice","1","No ""skip to content"" link",""
"https://books.toscrape.com/catalogue/category/books/sequential-art_5/index.html","structure","img-no-dimensions","notice","1","20 images without width/height (CLS risk)",""
"https://books.toscrape.com/catalogue/category/books/sequential-art_5/index.html","structure","structured-data-missing","notice","1","No JSON-LD structured data",""
"https://books.toscrape.com/catalogue/category/books/sequential-art_5/index.html","html-validate","require-sri","warning","1","L36: SRI ""integrity"" attribute is required on <link> element","https://html-validate.org/rules/require-sri.html"
"https://books.toscrape.com/catalogue/category/books/sequential-art_5/index.html","html-validate","require-sri","warning","1","L38: SRI ""integrity"" attribute is required on <link> element","https://html-validate.org/rules/require-sri.html"
"https://books.toscrape.com/catalogue/category/books/sequential-art_5/index.html","html-validate","require-sri","warning","1","L39: SRI ""integrity"" attribute is required on <link> element","https://html-validate.org/rules/require-sri.html"
"https://books.toscrape.com/catalogue/category/books/sequential-art_5/index.html","html-validate","wcag/h32","error","1","L643: <form> element must have a submit button","https://html-validate.org/rules/wcag/h32.html"
"https://books.toscrape.com/catalogue/category/books/sequential-art_5/index.html","html-validate","heading-level","error","1","L697: Heading level can only increase by one, expected <h2> but got <h3>","https://html-validate.org/rules/heading-level.html"
"https://books.toscrape.com/catalogue/category/books/sequential-art_5/index.html","html-validate","require-sri","warning","1","L2211: SRI ""integrity"" attribute is required on <script> element","https://html-validate.org/rules/require-sri.html"
"https://books.toscrape.com/catalogue/category/books/sequential-art_5/index.html","html-validate","require-sri","warning","1","L2222: SRI ""integrity"" attribute is required on <script> element","https://html-validate.org/rules/require-sri.html"
"https://books.toscrape.com/catalogue/category/books/sequential-art_5/index.html","html-validate","require-sri","warning","1","L2224: SRI ""integrity"" attribute is required on <script> element","https://html-validate.org/rules/require-sri.html"
"https://books.toscrape.com/catalogue/category/books/sequential-art_5/index.html","html-validate","require-sri","warning","1","L2226: SRI ""integrity"" attribute is required on <script> element","https://html-validate.org/rules/require-sri.html"
"https://books.toscrape.com/catalogue/category/books/sequential-art_5/index.html","html-validate","require-sri","warning","1","L2227: SRI ""integrity"" attribute is required on <script> element","https://html-validate.org/rules/require-sri.html"
"https://books.toscrape.com/catalogue/category/books/classics_6/index.html","axe","color-contrast","serious","131","Elements must meet minimum color contrast ratio thresholds","https://dequeuniversity.com/rules/axe/4.13/color-contrast?application=playwright"
"https://books.toscrape.com/catalogue/category/books/classics_6/index.html","axe","heading-order","moderate","1","Heading levels should only increase by one","https://dequeuniversity.com/rules/axe/4.13/heading-order?application=playwright"
"https://books.toscrape.com/catalogue/category/books/classics_6/index.html","axe","landmark-one-main","moderate","1","Document should have one main landmark","https://dequeuniversity.com/rules/axe/4.13/landmark-one-main?application=playwright"
"https://books.toscrape.com/catalogue/category/books/classics_6/index.html","axe","region","moderate","79","All page content should be contained by landmarks","https://dequeuniversity.com/rules/axe/4.13/region?application=playwright"
"https://books.toscrape.com/catalogue/category/books/classics_6/index.html","axe","target-size","serious","47","All touch targets must be 24px large, or leave sufficient space","https://dequeuniversity.com/rules/axe/4.13/target-size?application=playwright"
"https://books.toscrape.com/catalogue/category/books/classics_6/index.html","structure","meta-description-length","notice","1","Meta description length 6 (aim 50–160)",""
"https://books.toscrape.com/catalogue/category/books/classics_6/index.html","structure","heading-skip","warning","1","Heading levels skipped: h1 → h3 (""The Secret Garden"")",""
"https://books.toscrape.com/catalogue/category/books/classics_6/index.html","structure","canonical-missing","notice","1","No canonical link",""
"https://books.toscrape.com/catalogue/category/books/classics_6/index.html","structure","open-graph-incomplete","notice","1","og:title / og:image missing",""
"https://books.toscrape.com/catalogue/category/books/classics_6/index.html","structure","landmark-main-missing","warning","1","No <main> landmark",""
"https://books.toscrape.com/catalogue/category/books/classics_6/index.html","structure","skip-link-missing","notice","1","No ""skip to content"" link",""
"https://books.toscrape.com/catalogue/category/books/classics_6/index.html","structure","img-no-dimensions","notice","1","19 images without width/height (CLS risk)",""
"https://books.toscrape.com/catalogue/category/books/classics_6/index.html","structure","structured-data-missing","notice","1","No JSON-LD structured data",""
"https://books.toscrape.com/catalogue/category/books/classics_6/index.html","html-validate","require-sri","warning","1","L36: SRI ""integrity"" attribute is required on <link> element","https://html-validate.org/rules/require-sri.html"
"https://books.toscrape.com/catalogue/category/books/classics_6/index.html","html-validate","require-sri","warning","1","L38: SRI ""integrity"" attribute is required on <link> element","https://html-validate.org/rules/require-sri.html"
"https://books.toscrape.com/catalogue/category/books/classics_6/index.html","html-validate","require-sri","warning","1","L39: SRI ""integrity"" attribute is required on <link> element","https://html-validate.org/rules/require-sri.html"
"https://books.toscrape.com/catalogue/category/books/classics_6/index.html","html-validate","wcag/h32","error","1","L643: <form> element must have a submit button","https://html-validate.org/rules/wcag/h32.html"
"https://books.toscrape.com/catalogue/category/books/classics_6/index.html","html-validate","heading-level","error","1","L697: Heading level can only increase by one, expected <h2> but got <h3>","https://html-validate.org/rules/heading-level.html"
"https://books.toscrape.com/catalogue/category/books/classics_6/index.html","html-validate","require-sri","warning","1","L2122: SRI ""integrity"" attribute is required on <script> element","https://html-validate.org/rules/require-sri.html"
"https://books.toscrape.com/catalogue/category/books/classics_6/index.html","html-validate","require-sri","warning","1","L2133: SRI ""integrity"" attribute is required on <script> element","https://html-validate.org/rules/require-sri.html"
"https://books.toscrape.com/catalogue/category/books/classics_6/index.html","html-validate","require-sri","warning","1","L2135: SRI ""integrity"" attribute is required on <script> element","https://html-validate.org/rules/require-sri.html"
"https://books.toscrape.com/catalogue/category/books/classics_6/index.html","html-validate","require-sri","warning","1","L2137: SRI ""integrity"" attribute is required on <script> element","https://html-validate.org/rules/require-sri.html"
"https://books.toscrape.com/catalogue/category/books/classics_6/index.html","html-validate","require-sri","warning","1","L2138: SRI ""integrity"" attribute is required on <script> element","https://html-validate.org/rules/require-sri.html"
"https://books.toscrape.com/catalogue/category/books/philosophy_7/index.html","axe","color-contrast","serious","99","Elements must meet minimum color contrast ratio thresholds","https://dequeuniversity.com/rules/axe/4.13/color-contrast?application=playwright"
"https://books.toscrape.com/catalogue/category/books/philosophy_7/index.html","axe","heading-order","moderate","1","Heading levels should only increase by one","https://dequeuniversity.com/rules/axe/4.13/heading-order?application=playwright"
"https://books.toscrape.com/catalogue/category/books/philosophy_7/index.html","axe","landmark-one-main","moderate","1","Document should have one main landmark","https://dequeuniversity.com/rules/axe/4.13/landmark-one-main?application=playwright"
"https://books.toscrape.com/catalogue/category/books/philosophy_7/index.html","axe","region","moderate","47","All page content should be contained by landmarks","https://dequeuniversity.com/rules/axe/4.13/region?application=playwright"
"https://books.toscrape.com/catalogue/category/books/philosophy_7/index.html","axe","target-size","serious","47","All touch targets must be 24px large, or leave sufficient space","https://dequeuniversity.com/rules/axe/4.13/target-size?application=playwright"
"https://books.toscrape.com/catalogue/category/books/philosophy_7/index.html","structure","meta-description-length","notice","1","Meta description length 6 (aim 50–160)",""
"https://books.toscrape.com/catalogue/category/books/philosophy_7/index.html","structure","heading-skip","warning","1","Heading levels skipped: h1 → h3 (""Sophie's World"")",""
"https://books.toscrape.com/catalogue/category/books/philosophy_7/index.html","structure","canonical-missing","notice","1","No canonical link",""
"https://books.toscrape.com/catalogue/category/books/philosophy_7/index.html","structure","open-graph-incomplete","notice","1","og:title / og:image missing",""
"https://books.toscrape.com/catalogue/category/books/philosophy_7/index.html","structure","landmark-main-missing","warning","1","No <main> landmark",""
"https://books.toscrape.com/catalogue/category/books/philosophy_7/index.html","structure","skip-link-missing","notice","1","No ""skip to content"" link",""
"https://books.toscrape.com/catalogue/category/books/philosophy_7/index.html","structure","img-no-dimensions","notice","1","11 images without width/height (CLS risk)",""
"https://books.toscrape.com/catalogue/category/books/philosophy_7/index.html","structure","structured-data-missing","notice","1","No JSON-LD structured data",""
"https://books.toscrape.com/catalogue/category/books/philosophy_7/index.html","html-validate","require-sri","warning","1","L36: SRI ""integrity"" attribute is required on <link> element","https://html-validate.org/rules/require-sri.html"
"https://books.toscrape.com/catalogue/category/books/philosophy_7/index.html","html-validate","require-sri","warning","1","L38: SRI ""integrity"" attribute is required on <link> element","https://html-validate.org/rules/require-sri.html"
"https://books.toscrape.com/catalogue/category/books/philosophy_7/index.html","html-validate","require-sri","warning","1","L39: SRI ""integrity"" attribute is required on <link> element","https://html-validate.org/rules/require-sri.html"
"https://books.toscrape.com/catalogue/category/books/philosophy_7/index.html","html-validate","wcag/h32","error","1","L643: <form> element must have a submit button","https://html-validate.org/rules/wcag/h32.html"
"https://books.toscrape.com/catalogue/category/books/philosophy_7/index.html","html-validate","heading-level","error","1","L697: Heading level can only increase by one, expected <h2> but got <h3>","https://html-validate.org/rules/heading-level.html"
"https://books.toscrape.com/catalogue/category/books/philosophy_7/index.html","html-validate","require-sri","warning","1","L1522: SRI ""integrity"" attribute is required on <script> element","https://html-validate.org/rules/require-sri.html"
"https://books.toscrape.com/catalogue/category/books/philosophy_7/index.html","html-validate","require-sri","warning","1","L1533: SRI ""integrity"" attribute is required on <script> element","https://html-validate.org/rules/require-sri.html"
"https://books.toscrape.com/catalogue/category/books/philosophy_7/index.html","html-validate","require-sri","warning","1","L1535: SRI ""integrity"" attribute is required on <script> element","https://html-validate.org/rules/require-sri.html"
"https://books.toscrape.com/catalogue/category/books/philosophy_7/index.html","html-validate","require-sri","warning","1","L1537: SRI ""integrity"" attribute is required on <script> element","https://html-validate.org/rules/require-sri.html"
"https://books.toscrape.com/catalogue/category/books/philosophy_7/index.html","html-validate","require-sri","warning","1","L1538: SRI ""integrity"" attribute is required on <script> element","https://html-validate.org/rules/require-sri.html"
"https://books.toscrape.com/catalogue/category/books/romance_8/index.html","axe","color-contrast","serious","136","Elements must meet minimum color contrast ratio thresholds","https://dequeuniversity.com/rules/axe/4.13/color-contrast?application=playwright"
"https://books.toscrape.com/catalogue/category/books/romance_8/index.html","axe","heading-order","moderate","1","Heading levels should only increase by one","https://dequeuniversity.com/rules/axe/4.13/heading-order?application=playwright"
"https://books.toscrape.com/catalogue/category/books/romance_8/index.html","axe","landmark-one-main","moderate","1","Document should have one main landmark","https://dequeuniversity.com/rules/axe/4.13/landmark-one-main?application=playwright"
"https://books.toscrape.com/catalogue/category/books/romance_8/index.html","axe","region","moderate","84","All page content should be contained by landmarks","https://dequeuniversity.com/rules/axe/4.13/region?application=playwright"
"https://books.toscrape.com/catalogue/category/books/romance_8/index.html","axe","target-size","serious","47","All touch targets must be 24px large, or leave sufficient space","https://dequeuniversity.com/rules/axe/4.13/target-size?application=playwright"
"https://books.toscrape.com/catalogue/category/books/romance_8/index.html","structure","meta-description-length","notice","1","Meta description length 6 (aim 50–160)",""
"https://books.toscrape.com/catalogue/category/books/romance_8/index.html","structure","heading-skip","warning","1","Heading levels skipped: h1 → h3 (""Chase Me (Paris Nights ..."")",""
"https://books.toscrape.com/catalogue/category/books/romance_8/index.html","structure","canonical-missing","notice","1","No canonical link",""
"https://books.toscrape.com/catalogue/category/books/romance_8/index.html","structure","open-graph-incomplete","notice","1","og:title / og:image missing",""
"https://books.toscrape.com/catalogue/category/books/romance_8/index.html","structure","landmark-main-missing","warning","1","No <main> landmark",""
"https://books.toscrape.com/catalogue/category/books/romance_8/index.html","structure","skip-link-missing","notice","1","No ""skip to content"" link",""
"https://books.toscrape.com/catalogue/category/books/romance_8/index.html","structure","img-no-dimensions","notice","1","20 images without width/height (CLS risk)",""
"https://books.toscrape.com/catalogue/category/books/romance_8/index.html","structure","structured-data-missing","notice","1","No JSON-LD structured data",""
"https://books.toscrape.com/catalogue/category/books/romance_8/index.html","html-validate","require-sri","warning","1","L36: SRI ""integrity"" attribute is required on <link> element","https://html-validate.org/rules/require-sri.html"
"https://books.toscrape.com/catalogue/category/books/romance_8/index.html","html-validate","require-sri","warning","1","L38: SRI ""integrity"" attribute is required on <link> element","https://html-validate.org/rules/require-sri.html"
"https://books.toscrape.com/catalogue/category/books/romance_8/index.html","html-validate","require-sri","warning","1","L39: SRI ""integrity"" attribute is required on <link> element","https://html-validate.org/rules/require-sri.html"
"https://books.toscrape.com/catalogue/category/books/romance_8/index.html","html-validate","wcag/h32","error","1","L643: <form> element must have a submit button","https://html-validate.org/rules/wcag/h32.html"
"https://books.toscrape.com/catalogue/category/books/romance_8/index.html","html-validate","heading-level","error","1","L697: Heading level can only increase by one, expected <h2> but got <h3>","https://html-validate.org/rules/heading-level.html"
"https://books.toscrape.com/catalogue/category/books/romance_8/index.html","html-validate","require-sri","warning","1","L2211: SRI ""integrity"" attribute is required on <script> element","https://html-validate.org/rules/require-sri.html"
"https://books.toscrape.com/catalogue/category/books/romance_8/index.html","html-validate","require-sri","warning","1","L2222: SRI ""integrity"" attribute is required on <script> element","https://html-validate.org/rules/require-sri.html"
"https://books.toscrape.com/catalogue/category/books/romance_8/index.html","html-validate","require-sri","warning","1","L2224: SRI ""integrity"" attribute is required on <script> element","https://html-validate.org/rules/require-sri.html"
"https://books.toscrape.com/catalogue/category/books/romance_8/index.html","html-validate","require-sri","warning","1","L2226: SRI ""integrity"" attribute is required on <script> element","https://html-validate.org/rules/require-sri.html"
"https://books.toscrape.com/catalogue/category/books/romance_8/index.html","html-validate","require-sri","warning","1","L2227: SRI ""integrity"" attribute is required on <script> element","https://html-validate.org/rules/require-sri.html"
"https://books.toscrape.com/","lighthouse","cache-insight","performance","1","Use efficient cache lifetimes","Est savings of 324 KiB"
"https://books.toscrape.com/","lighthouse","font-display-insight","performance","1","Font display","Est savings of 20 ms"
"https://books.toscrape.com/","lighthouse","forced-reflow-insight","performance","1","Forced reflow",""
"https://books.toscrape.com/","lighthouse","image-delivery-insight","performance","1","Improve image delivery","Est savings of 118 KiB"
"https://books.toscrape.com/","lighthouse","network-dependency-tree-insight","performance","1","Network dependency tree",""
"https://books.toscrape.com/","lighthouse","render-blocking-insight","performance","1","Render-blocking requests","Est savings of 240 ms"
"https://books.toscrape.com/","lighthouse","unminified-css","performance","1","Minify CSS","Est savings of 5 KiB"
"https://books.toscrape.com/","lighthouse","unminified-javascript","performance","1","Minify JavaScript","Est savings of 6 KiB"
"https://books.toscrape.com/","lighthouse","unused-css-rules","performance","1","Reduce unused CSS","Est savings of 31 KiB"
"https://books.toscrape.com/","lighthouse","unused-javascript","performance","1","Reduce unused JavaScript","Est savings of 21 KiB"
"https://books.toscrape.com/","lighthouse","unsized-images","performance","1","Image elements do not have explicit `width` and `height`",""
"https://books.toscrape.com/","lighthouse","color-contrast","accessibility","1","Background and foreground colors do not have a sufficient contrast ratio.",""
"https://books.toscrape.com/","lighthouse","heading-order","accessibility","1","Heading elements are not in a sequentially-descending order",""
"https://books.toscrape.com/","lighthouse","target-size","accessibility","1","Touch targets do not have sufficient size or spacing.",""
"https://books.toscrape.com/","lighthouse","landmark-one-main","accessibility","1","Document does not have a main landmark.",""
"https://books.toscrape.com/","lighthouse","is-on-https","best-practices","1","Does not use HTTPS","1 insecure request found"
"https://books.toscrape.com/","lighthouse","errors-in-console","best-practices","1","Browser errors were logged to the console",""
"https://books.toscrape.com/","lighthouse","inspector-issues","best-practices","1","Issues were logged in the `Issues` panel in Chrome Devtools",""
"https://books.toscrape.com/","lighthouse","meta-description","seo","1","Document does not have a meta description",""
"https://books.toscrape.com/index.html","lighthouse","cache-insight","performance","1","Use efficient cache lifetimes","Est savings of 324 KiB"
"https://books.toscrape.com/index.html","lighthouse","font-display-insight","performance","1","Font display","Est savings of 20 ms"
"https://books.toscrape.com/index.html","lighthouse","image-delivery-insight","performance","1","Improve image delivery","Est savings of 118 KiB"
"https://books.toscrape.com/index.html","lighthouse","network-dependency-tree-insight","performance","1","Network dependency tree",""
"https://books.toscrape.com/index.html","lighthouse","render-blocking-insight","performance","1","Render-blocking requests","Est savings of 240 ms"
"https://books.toscrape.com/index.html","lighthouse","unminified-css","performance","1","Minify CSS","Est savings of 5 KiB"
"https://books.toscrape.com/index.html","lighthouse","unminified-javascript","performance","1","Minify JavaScript","Est savings of 6 KiB"
"https://books.toscrape.com/index.html","lighthouse","unused-css-rules","performance","1","Reduce unused CSS","Est savings of 31 KiB"
"https://books.toscrape.com/index.html","lighthouse","unused-javascript","performance","1","Reduce unused JavaScript","Est savings of 21 KiB"
"https://books.toscrape.com/index.html","lighthouse","unsized-images","performance","1","Image elements do not have explicit `width` and `height`",""
"https://books.toscrape.com/index.html","lighthouse","color-contrast","accessibility","1","Background and foreground colors do not have a sufficient contrast ratio.",""
"https://books.toscrape.com/index.html","lighthouse","heading-order","accessibility","1","Heading elements are not in a sequentially-descending order",""
"https://books.toscrape.com/index.html","lighthouse","target-size","accessibility","1","Touch targets do not have sufficient size or spacing.",""
"https://books.toscrape.com/index.html","lighthouse","landmark-one-main","accessibility","1","Document does not have a main landmark.",""
"https://books.toscrape.com/index.html","lighthouse","is-on-https","best-practices","1","Does not use HTTPS","1 insecure request found"
"https://books.toscrape.com/index.html","lighthouse","errors-in-console","best-practices","1","Browser errors were logged to the console",""
"https://books.toscrape.com/index.html","lighthouse","inspector-issues","best-practices","1","Issues were logged in the `Issues` panel in Chrome Devtools",""
"https://books.toscrape.com/index.html","lighthouse","meta-description","seo","1","Document does not have a meta description",""
